quality,chroma_subsampling,decoder,images,bits_per_pixel,ssimulacra2_mean,ssimulacra2_median,ssimulacra2_worst,butteraugli_mean,butteraugli_median,butteraugli_worst,cvvdp_jod_mean,cvvdp_jod_median,cvvdp_jod_worst,dists_mean,dists_median,dists_worst
25,444,jpegli,30,0.574105677,52.031487531,51.517610926,41.817557296,5.244803222,5.148251295,6.856194019,9.604698149,9.622231484,9.345255852,0.124217043,0.118091375,0.232448459
25,444,turbojpeg,30,0.574105677,52.858040768,52.426819428,44.188144276,5.083031702,5.024200440,6.730397224,9.633712387,9.652193070,9.393367767,0.116831994,0.110320390,0.227580011
25,444,apple_imageio,30,0.574105677,52.888346028,52.606305354,44.204464446,5.084146054,5.018131018,6.985537052,9.634390132,9.659138202,9.393644333,0.116790839,0.110309660,0.226952434
30,444,jpegli,30,0.626297136,56.196485441,56.138270343,46.150606103,4.849312448,4.727794408,6.885869980,9.662764263,9.682946682,9.440716743,0.114070690,0.107376456,0.224169493
30,444,turbojpeg,30,0.626297136,57.031565379,57.251853621,48.162309352,4.760379060,4.667307616,6.545644760,9.689411863,9.709433556,9.485517502,0.107175698,0.100176483,0.220021248
30,444,apple_imageio,30,0.626297136,57.029725220,57.256834357,48.160184797,4.760823210,4.669118881,6.440259933,9.689305782,9.710478306,9.484954834,0.107131328,0.100616545,0.219896317
35,444,jpegli,30,0.656323372,58.188080576,58.211985306,48.159259215,4.694798326,4.666016102,6.182008266,9.687887255,9.705687046,9.481345177,0.108692336,0.101359784,0.218317330
35,444,turbojpeg,30,0.656323372,58.875076419,59.011652731,50.044409633,4.582481249,4.565800905,6.295628548,9.712767887,9.730257034,9.523912430,0.102005943,0.094159633,0.213901341
35,444,apple_imageio,30,0.656323372,58.853989122,58.929283013,50.130314349,4.582931407,4.556144237,6.297603607,9.713338089,9.730700016,9.524611473,0.102011202,0.094000637,0.213474691
40,444,jpegli,30,0.685418033,59.893173208,59.945152024,50.020078995,4.484453845,4.512689829,5.936359406,9.712925943,9.729452133,9.528957367,0.103964233,0.095773757,0.215402901
40,444,turbojpeg,30,0.685418033,60.505313660,60.744900824,52.071141550,4.385668262,4.416878462,5.761624813,9.734377925,9.747873306,9.569620132,0.097961175,0.087633163,0.210037231
40,444,apple_imageio,30,0.685418033,60.532074659,60.751824159,52.137119946,4.368815470,4.415027380,5.275849342,9.734571902,9.747830868,9.569524765,0.097978071,0.087639272,0.209635198
45,444,jpegli,30,0.727468659,61.964108189,61.951305670,52.406375247,4.283422009,4.275208712,5.268754959,9.741110961,9.750994682,9.579537392,0.098372638,0.091415704,0.209150970
45,444,turbojpeg,30,0.727468659,62.743630093,63.117987298,54.354144980,4.134066518,4.095942020,5.122311592,9.763199520,9.773515701,9.596788406,0.092537685,0.081014544,0.204479456
45,444,apple_imageio,30,0.727468659,62.746198293,63.126771417,54.413358929,4.131498496,4.092620373,5.129048347,9.763330619,9.773143768,9.596705437,0.092479763,0.080898076,0.204293370
50,444,jpegli,30,0.764730900,63.786491915,63.549531930,54.650086142,4.108883445,4.091921807,4.941017151,9.764965185,9.775876999,9.600140572,0.093265174,0.083677560,0.205888569
50,444,turbojpeg,30,0.764730900,64.519938961,64.374945000,56.676240231,3.978865830,3.862625957,4.942636967,9.785904662,9.789955139,9.616876602,0.087235220,0.074983298,0.198616147
50,444,apple_imageio,30,0.764730900,64.524199139,64.378786671,56.678891191,3.985244481,3.909686803,4.957017422,9.785952059,9.790077686,9.616909027,0.087223907,0.074828624,0.198148549
55,444,jpegli,30,0.809672811,65.720553178,65.285747121,56.761771086,3.876245817,3.840980410,5.332970619,9.790575981,9.796873570,9.625442505,0.087708432,0.077407211,0.199762702
55,444,turbojpeg,30,0.809672811,66.175835211,66.021774643,58.655544915,3.771952033,3.759395957,4.592842579,9.808442720,9.806666375,9.641156197,0.081927685,0.070793598,0.194242895
55,444,apple_imageio,30,0.809672811,66.190714751,66.014726480,58.709066719,3.770592411,3.755839467,4.602643490,9.808647665,9.807101727,9.641189575,0.081920689,0.070741951,0.194234610
60,444,jpegli,30,0.876150763,68.135301464,67.528953259,59.531945953,3.644911297,3.573785901,4.700191975,9.819560178,9.818437576,9.649398804,0.081107694,0.071114302,0.193099499
60,444,turbojpeg,30,0.876150763,68.774485723,68.113508480,61.760315250,3.527022489,3.490618348,4.403760910,9.836393388,9.829912662,9.663549423,0.075286686,0.064567179,0.186442018
60,444,apple_imageio,30,0.876150763,68.813689688,68.124459047,61.735287476,3.524601110,3.496768355,4.407846451,9.836564732,9.830582619,9.663657188,0.075221167,0.064442962,0.186000347
65,444,jpegli,30,0.940243428,70.029491251,69.404097994,61.847477698,3.403737760,3.363294125,4.571471691,9.841839536,9.837406159,9.675497055,0.075507599,0.065456629,0.186705709
65,444,turbojpeg,30,0.940243428,70.474414262,69.904338048,63.398034371,3.269746152,3.206719518,4.164332390,9.856262207,9.855760097,9.689286232,0.069712571,0.058940321,0.178644717
65,444,apple_imageio,30,0.940243428,70.438424114,69.998324094,63.481562726,3.303917058,3.245977164,4.288876057,9.855829302,9.855728626,9.689168930,0.069708367,0.058976113,0.178479731
70,444,jpegli,30,1.036008238,72.590128786,72.243245551,64.931174884,3.131242887,3.134776473,3.999263763,9.868160343,9.869467259,9.705552101,0.068280993,0.059307784,0.176554739
70,444,turbojpeg,30,1.036008238,72.528312041,72.123621134,66.208845913,3.004428816,3.023773193,3.467044830,9.878221830,9.878195285,9.718354225,0.062856168,0.053754032,0.167463660
70,444,apple_imageio,30,1.036008238,72.481172973,72.092661746,66.197159687,3.008233245,3.022896409,3.458304882,9.878147348,9.878256798,9.718289375,0.062896731,0.053841591,0.167512536
75,444,jpegli,30,1.140896133,74.848895465,74.828226954,67.687408034,2.842511026,2.805918813,3.625257015,9.891202323,9.897017479,9.736186981,0.061106350,0.052056879,0.162784934
75,444,turbojpeg,30,1.140896133,74.690342786,74.172539269,68.722603331,2.731325897,2.732875466,3.139036417,9.898998674,9.901936531,9.747390747,0.055897655,0.046786308,0.150685430
75,444,apple_imageio,30,1.140896133,74.659130235,74.280841358,68.745460920,2.732924302,2.772942663,3.149831772,9.898923874,9.902126789,9.747351646,0.055843745,0.046777665,0.150631189
80,444,jpegli,30,1.296359912,77.635783073,77.830440049,71.122434880,2.490683524,2.467033148,3.409417629,9.912391663,9.914270401,9.769700050,0.053068201,0.043849974,0.141902030
80,444,turbojpeg,30,1.296359912,77.311875138,76.843812794,71.311082015,2.419778776,2.399238706,2.892461777,9.917616876,9.917529583,9.779354095,0.047490056,0.038238257,0.124753773
80,444,apple_imageio,30,1.296359912,77.286548506,76.850518062,71.362052587,2.412591382,2.395971894,2.896407127,9.916911761,9.917926789,9.779445648,0.047453731,0.038198173,0.124775648
85,444,jpegli,30,1.532128146,80.788157373,80.994643045,74.976912861,2.123534596,2.082596064,2.826897383,9.935438506,9.941082478,9.813665390,0.042926164,0.034523487,0.115329385
85,444,turbojpeg,30,1.532128146,80.353347034,80.167161894,75.572512731,2.090439769,2.086653590,2.478858948,9.937934558,9.939549446,9.821966171,0.037280518,0.029098690,0.094695091
85,444,apple_imageio,30,1.532128146,80.331712769,80.101754243,75.542025101,2.097263332,2.098162174,2.478975773,9.937714036,9.939735889,9.821928978,0.037254542,0.029111445,0.094605327
90,444,jpegli,30,1.954947614,84.687190225,84.822346374,79.995358809,1.643033882,1.623397350,2.064126730,9.960982800,9.966568470,9.880751610,0.028971130,0.022883803,0.073592067
90,444,turbojpeg,30,1.954947614,84.014517009,83.828912175,80.093914024,1.653530645,1.630370081,1.995656013,9.960509427,9.964473724,9.886936188,0.023737834,0.020597309,0.056840777
90,444,apple_imageio,30,1.954947614,83.957416814,83.893370951,80.055194601,1.645070112,1.629846275,1.981938601,9.960253557,9.961986065,9.886924744,0.023746530,0.020651072,0.056904018
95,444,jpegli,30,2.866452203,89.388711420,89.415859484,86.227856602,1.054366501,1.026710213,1.445872545,9.984373124,9.988299370,9.950408936,0.012926147,0.009484291,0.038246512
95,444,turbojpeg,30,2.866452203,88.523812487,88.502256833,86.072664034,1.146478838,1.110452294,1.736093283,9.982241503,9.984638214,9.953804970,0.009441962,0.006761521,0.025458872
95,444,apple_imageio,30,2.866452203,88.446667970,88.463780783,86.039734071,1.152005247,1.111580014,1.804377079,9.981839371,9.984224320,9.953879356,0.009455675,0.006777585,0.025563657
100,444,jpegli,30,6.827260212,94.105591180,94.516307259,90.310376800,0.379805159,0.376926661,0.616224468,9.999988174,10.000000000,9.999646187,0.000403410,0.000207096,0.001675010
100,444,turbojpeg,30,6.827260212,93.193579190,93.662896820,88.146475974,0.673301374,0.645450294,1.308418870,9.997196515,9.999231815,9.969489098,0.001070515,0.000398279,0.011039615
100,444,apple_imageio,30,6.827260212,92.884387669,93.157895405,88.080605635,0.710486278,0.698314429,1.776108265,9.996015008,9.998490334,9.969149590,0.001082937,0.000414431,0.010085642
25,422,jpegli,30,0.526614296,48.804439737,48.141606439,37.171494135,5.885617240,5.792798996,9.024969101,9.578316561,9.598210811,9.289391518,0.128510477,0.121375352,0.235258222
25,422,turbojpeg,30,0.526614296,49.548118539,48.957817319,39.134551704,5.818219407,5.506753444,8.714752197,9.602613227,9.621399880,9.297698975,0.122286040,0.113691598,0.231428802
25,422,apple_imageio,30,0.526614296,49.591456907,48.995982359,39.128615373,5.825683443,5.508411885,8.787739754,9.603370666,9.619824886,9.297415733,0.122212044,0.113607078,0.230541050
30,422,jpegli,30,0.575912707,53.112404666,52.826909878,41.504899515,5.454217283,5.184512139,9.428166389,9.636212794,9.651118756,9.336980820,0.118716385,0.111704708,0.225754857
30,422,turbojpeg,30,0.575912707,53.892507689,53.596520082,43.073508821,5.463993351,5.182973147,9.276105881,9.658265527,9.664809227,9.342905998,0.112933944,0.104027450,0.221587181
30,422,apple_imageio,30,0.575912707,53.881987369,53.591821377,43.055464288,5.462608210,5.164411545,9.273646355,9.658073203,9.664745808,9.342717171,0.112904565,0.103841514,0.221488357
35,422,jpegli,30,0.604354348,55.141121224,54.844019405,43.655260340,5.321993041,5.012741566,9.023056984,9.660926723,9.670207023,9.358379364,0.113884856,0.106777072,0.222380400
35,422,turbojpeg,30,0.604354348,55.765279418,55.413777920,45.101204158,5.321408987,4.983448506,8.740864754,9.680926291,9.682256222,9.363157272,0.108288449,0.098929435,0.218145549
35,422,apple_imageio,30,0.604354348,55.750601388,55.361708569,45.143718987,5.315729324,4.968307019,8.709187508,9.681518777,9.682456970,9.363351822,0.108278215,0.098889649,0.217772484
40,422,jpegli,30,0.632044923,56.857998109,56.504301659,45.489620437,5.058920495,4.776047945,8.152685165,9.685201518,9.688891411,9.378861427,0.109142919,0.101894617,0.217554569
40,422,turbojpeg,30,0.632044923,57.397926997,56.943340570,47.039500875,5.061014700,4.665697813,8.182145119,9.701582654,9.701334953,9.382645607,0.104265928,0.093336940,0.213026643
40,422,apple_imageio,30,0.632044923,57.422418670,56.941783720,47.078898174,5.061602155,4.663112640,8.093271255,9.701726596,9.701310635,9.382555008,0.104252197,0.093316615,0.212334216
45,422,jpegli,30,0.672269966,58.984857715,58.573882318,47.870192684,4.895557777,4.759912491,8.819611549,9.712087409,9.713781834,9.402489662,0.103867253,0.096120090,0.213379741
45,422,turbojpeg,30,0.672269966,59.658349748,59.378286407,49.413482381,4.845913132,4.425637245,8.792028427,9.728732045,9.726135731,9.405377388,0.099137469,0.088870138,0.208665431
45,422,apple_imageio,30,0.672269966,59.659956891,59.390821093,49.426104380,4.841251278,4.426474094,8.736858368,9.728878880,9.725906849,9.405338287,0.099092519,0.088869602,0.208558917
50,422,jpegli,30,0.707411096,60.809258616,60.442620200,49.881892708,4.697849075,4.507415294,8.008107185,9.735840321,9.734340191,9.424786568,0.098938328,0.090641528,0.208645761
50,422,turbojpeg,30,0.707411096,61.424393860,60.877333545,51.350320481,4.668308624,4.359961987,7.908596992,9.751523177,9.749824524,9.427299500,0.094067256,0.085941732,0.201779008
50,422,apple_imageio,30,0.707411096,61.442992194,60.890270628,51.375564325,4.678411810,4.377288580,7.968454361,9.751588249,9.750224113,9.427386284,0.094061583,0.085867852,0.201427758
55,422,jpegli,30,0.749602251,62.850718701,62.600905930,52.241924201,4.483249116,4.177699328,7.556266308,9.761078517,9.765347004,9.450528145,0.093700709,0.086867243,0.203285992
55,422,turbojpeg,30,0.749602251,63.205404141,62.917889645,53.640838388,4.476197656,4.093878507,7.465534210,9.773457750,9.774252414,9.452538490,0.089032964,0.082013458,0.197612703
55,422,apple_imageio,30,0.749602251,63.220926038,62.802387875,53.665044246,4.473958007,4.097450733,7.464678764,9.773712222,9.773663521,9.452616692,0.088986451,0.081966460,0.197575867
60,422,jpegli,30,0.813460979,65.270276565,65.163919373,54.987917050,4.207262421,3.930594206,7.018622875,9.788258489,9.799353122,9.472933769,0.087362824,0.080352247,0.196174383
60,422,turbojpeg,30,0.813460979,65.775648394,66.013230286,56.576749928,4.209375278,3.865296483,6.984860420,9.799802717,9.811404705,9.473936081,0.082628051,0.075725019,0.189879298
60,422,apple_imageio,30,0.813460979,65.817568266,66.077693117,56.557681501,4.212279121,3.896246076,6.938295364,9.800050513,9.811749935,9.474034309,0.082566422,0.075584829,0.189719796
65,422,jpegli,30,0.873429968,67.264412344,67.291971729,57.555556686,3.986184851,3.624673247,6.463808060,9.810352135,9.823235035,9.502472878,0.081685609,0.073088646,0.191472054
65,422,turbojpeg,30,0.873429968,67.566409962,67.690652595,58.597857886,3.991131671,3.569649816,6.425446987,9.819676240,9.832316876,9.503108978,0.077101666,0.069462090,0.184928060
65,422,apple_imageio,30,0.873429968,67.543282226,67.707373306,58.650068237,3.988355295,3.594131470,6.362889767,9.818820095,9.832513332,9.503026009,0.077051234,0.069480479,0.184717894
70,422,jpegli,30,0.964523362,69.824839239,69.955705617,60.571703089,3.638186741,3.418838024,6.777825356,9.834960302,9.842630863,9.531837463,0.074437930,0.067147285,0.181813419
70,422,turbojpeg,30,0.964523362,69.628605687,69.872171459,61.339356531,3.618682512,3.384605408,6.560273647,9.840436172,9.850974560,9.532273293,0.070123921,0.062890262,0.172610581
70,422,apple_imageio,30,0.964523362,69.601899946,69.753547930,61.332461476,3.614495063,3.371324181,6.589710236,9.840387408,9.850689411,9.532267570,0.070134242,0.062902123,0.172569096
75,422,jpegli,30,1.063987477,72.225116132,72.633382576,63.462377160,3.392988173,3.123944759,5.985162735,9.856618023,9.870255947,9.564398766,0.067395826,0.060392201,0.168505430
75,422,turbojpeg,30,1.063987477,71.881956743,72.232717416,63.892540328,3.377915231,3.038912535,5.887837410,9.859944884,9.875656605,9.564762115,0.063292164,0.057045221,0.157777727
75,422,apple_imageio,30,1.063987477,71.875342885,72.204684491,63.916789171,3.368573602,3.035344005,5.956677914,9.859909566,9.875732899,9.564657211,0.063250595,0.056955039,0.157676876
80,422,jpegli,30,1.210058241,75.100948534,75.927271041,67.057855308,3.059548322,2.792323470,6.182129860,9.878246339,9.894962787,9.604908943,0.059559965,0.052146882,0.148435056
80,422,turbojpeg,30,1.210058241,74.645159163,75.162848764,67.248007564,3.047393616,2.738362909,6.261673927,9.879327774,9.896817207,9.604735374,0.055275490,0.047686160,0.134355664
80,422,apple_imageio,30,1.210058241,74.637674791,75.175264046,67.208728440,3.047009870,2.731191397,6.228433609,9.878431416,9.894447804,9.604860306,0.055216440,0.047683955,0.134167016
85,422,jpegli,30,1.431817330,78.337620072,78.988887830,70.847895547,2.740864297,2.425361037,5.841202736,9.901764552,9.917018890,9.657902718,0.049290196,0.041994363,0.124072075
85,422,turbojpeg,30,1.431817330,77.713310874,78.355296735,70.920194960,2.743028037,2.460298658,5.790266037,9.900773430,9.916592121,9.657748222,0.045043256,0.037513942,0.108926594
85,422,apple_imageio,30,1.431817330,77.709184254,78.304665082,70.873484555,2.748665551,2.446691632,5.782891750,9.900720533,9.916490555,9.657596588,0.045034832,0.037526578,0.108689189
90,422,jpegli,30,1.823020309,82.420792318,82.776817256,76.255826837,2.426438395,2.032851338,5.903292179,9.930494595,9.943004609,9.740592003,0.035112627,0.029309541,0.088605642
90,422,turbojpeg,30,1.823020309,81.601507788,81.806723286,76.052442974,2.453720597,2.093432308,5.944394588,9.928070513,9.942705155,9.740368843,0.031308210,0.026155114,0.078476429
90,422,apple_imageio,30,1.823020309,81.570510550,81.860223834,76.030533370,2.456469794,2.076322436,5.912921906,9.927884070,9.942645073,9.740453720,0.031277911,0.026108026,0.078550577
95,422,jpegli,30,2.653302132,87.164816275,87.394526936,82.675476725,2.029605496,1.502130151,5.552676201,9.960138130,9.967914105,9.845223427,0.018055665,0.014546186,0.044518232
95,422,turbojpeg,30,2.653302132,86.249584442,85.910893393,81.865959645,2.076480561,1.593506693,5.646500111,9.957657178,9.963889122,9.844976425,0.015610933,0.012806982,0.042001605
95,422,apple_imageio,30,2.653302132,86.194645905,85.926400202,81.961650632,2.083750794,1.536724031,5.576910019,9.957315413,9.963807583,9.845107079,0.015641814,0.012841105,0.042180181
100,422,jpegli,30,5.733956009,91.225705422,91.617687913,84.152502131,1.804388348,1.343471944,5.479457855,9.988175011,9.990553379,9.967270851,0.002237723,0.001958579,0.005694628
100,422,turbojpeg,30,5.733956009,90.666931629,91.318235850,82.760439661,1.877211941,1.358388543,5.506657124,9.986540254,9.989359379,9.967181206,0.002684355,0.002155811,0.011275291
100,422,apple_imageio,30,5.733956009,90.561718931,91.270589972,82.768302533,1.899895001,1.401016474,5.520434380,9.985609118,9.988316536,9.967189789,0.002736231,0.002221227,0.010401070
25,420,jpegli,30,0.464898478,49.458021376,49.290429995,37.193460644,5.864716085,5.858333826,8.811208725,9.508697192,9.536612034,9.163300514,0.139389058,0.135569483,0.242939651
25,420,turbojpeg,30,0.464898478,50.275738876,50.331804729,39.125167304,5.763656108,5.821518422,8.655012131,9.540491136,9.568287849,9.214501381,0.133132404,0.130297691,0.236694872
25,420,apple_imageio,30,0.464898478,49.714750811,49.814008334,38.555175211,5.767717361,5.829844236,8.697893143,9.539800866,9.567988873,9.214550018,0.132780117,0.129459202,0.236207604
30,420,jpegli,30,0.506207312,52.701529908,52.527789016,41.110909400,5.481221422,5.433990001,7.568848610,9.566103586,9.593582630,9.265732765,0.130272830,0.126312733,0.233911157
30,420,turbojpeg,30,0.506207312,53.582410552,53.534534654,43.083091890,5.387399594,5.266240120,7.531774521,9.595702521,9.623427391,9.316226959,0.123959249,0.120524436,0.228356242
30,420,apple_imageio,30,0.506207312,53.043337191,53.082576738,42.581145374,5.387067970,5.247138262,7.274357319,9.594855467,9.623254776,9.315706253,0.123407211,0.119597942,0.228253186
35,420,jpegli,30,0.532942659,54.465172056,54.176257149,43.062470188,5.355860901,5.236644268,7.445459366,9.599494457,9.627191067,9.321372032,0.124843498,0.121391505,0.229028642
35,420,turbojpeg,30,0.532942659,55.371128453,55.199227209,45.111807491,5.274635569,5.058417082,7.591277122,9.629830011,9.655797005,9.369600296,0.118725526,0.114971667,0.224067807
35,420,apple_imageio,30,0.532942659,54.850732957,54.823097135,44.604948287,5.266738876,5.180880308,7.165711403,9.628891023,9.655400276,9.368744850,0.118169522,0.113788426,0.223712146
40,420,jpegli,30,0.558784462,56.622066387,56.229872786,45.354790679,5.283287700,5.125758171,7.840177536,9.629978689,9.657501221,9.378436089,0.119632320,0.117010563,0.223872125
40,420,turbojpeg,30,0.558784462,57.082031167,56.722679281,47.015062099,5.184848921,5.064153910,7.922470093,9.656166998,9.684674740,9.424343109,0.114059087,0.108613372,0.219709277
40,420,apple_imageio,30,0.558784462,56.623928363,56.258949864,46.550646202,5.185222069,5.076242924,7.381613255,9.655394490,9.684390068,9.423644066,0.113378533,0.107646942,0.219309032
45,420,jpegli,30,0.591128271,58.494570241,57.986665121,47.450679237,5.005716690,4.901135207,8.055500031,9.659868240,9.687723159,9.430848122,0.114604729,0.110463113,0.219970345
45,420,turbojpeg,30,0.591128271,58.922571415,58.592061621,49.111582682,4.957590151,4.793809891,7.865297794,9.684303093,9.712472916,9.454792023,0.109142981,0.101310492,0.216172576
45,420,apple_imageio,30,0.591128271,58.446479935,58.137969512,48.594947307,4.953916542,4.797947169,7.891711235,9.683632342,9.711760521,9.450369835,0.108462952,0.100518614,0.216008127
50,420,jpegli,30,0.623638397,60.170911980,59.706406446,49.614807867,4.692182827,4.618908167,7.029437065,9.688378715,9.712321758,9.469905853,0.109618614,0.106059253,0.215789557
50,420,turbojpeg,30,0.623638397,60.630675859,60.430548128,51.168365901,4.669765743,4.529644013,7.150417805,9.710847696,9.735010624,9.477226257,0.104404316,0.094610483,0.211482048
50,420,apple_imageio,30,0.623638397,60.216479022,60.238232699,50.694838430,4.653875319,4.540814877,6.674568176,9.709906578,9.734389306,9.472882271,0.103565129,0.093559027,0.211262882
55,420,jpegli,30,0.671867301,62.497976889,62.163589126,52.115878653,4.534216412,4.359565258,7.054769516,9.726534526,9.746313571,9.496866226,0.102774382,0.096043855,0.210565209
55,420,turbojpeg,30,0.671867301,62.777782444,62.681046551,53.632049789,4.492504040,4.402877092,7.232353687,9.745886962,9.763415337,9.501879692,0.097923269,0.088729083,0.206916094
55,420,apple_imageio,30,0.671867301,62.409878114,62.326678062,53.227192640,4.469377184,4.394162655,6.812455177,9.745349789,9.762845040,9.497982025,0.097209702,0.087246955,0.206106842
60,420,jpegli,30,0.719072336,64.364943991,64.041369166,54.614436106,4.341219894,4.144130230,6.779354095,9.756053797,9.769506931,9.521587372,0.097127972,0.089270890,0.203703344
60,420,turbojpeg,30,0.719072336,64.561144925,64.350865654,55.953685817,4.297206298,4.136428117,6.904950619,9.773118782,9.782262802,9.525012016,0.092065235,0.084070623,0.199094892
60,420,apple_imageio,30,0.719072336,64.196523103,64.059550342,55.613499263,4.292305159,4.110309839,6.467048645,9.772462114,9.780999661,9.521851540,0.091321111,0.082650482,0.198562324
65,420,jpegli,30,0.783860876,66.805670934,66.477311969,57.541916647,4.014992825,3.885163308,6.991113663,9.789028295,9.791597366,9.550491333,0.090032047,0.083854258,0.197402954
65,420,turbojpeg,30,0.783860876,67.253883058,67.339155609,58.915445151,4.035524416,3.757246137,7.111773014,9.804625098,9.805930138,9.552655220,0.085071729,0.078779310,0.191666484
65,420,apple_imageio,30,0.783860876,66.968735938,67.099125130,58.574925294,4.041623449,3.786312103,6.694588184,9.804063797,9.804799557,9.550388336,0.084322504,0.077359259,0.191444874
70,420,jpegli,30,0.863070410,69.368682734,69.222607377,60.963142470,3.787168368,3.609486342,6.626141071,9.821583748,9.820958137,9.582112312,0.082412841,0.075360894,0.189395189
70,420,turbojpeg,30,0.863070410,69.459443318,69.685412041,62.046524591,3.779139368,3.543991685,6.718088150,9.834303633,9.835536957,9.583343506,0.077497445,0.070948542,0.182969332
70,420,apple_imageio,30,0.863070410,69.197813586,69.379468630,61.741273604,3.771864128,3.533985495,6.497986794,9.833938058,9.835601330,9.581607819,0.076791791,0.069708705,0.182402372
75,420,jpegli,30,0.964176723,71.983585321,72.353828995,64.173712826,3.507907788,3.218277454,6.786227703,9.851854038,9.854456902,9.618031502,0.074735600,0.067406684,0.177251399
75,420,turbojpeg,30,0.964176723,71.773520758,71.729966912,64.917675406,3.477854061,3.190770030,6.812880516,9.860183620,9.870078087,9.618510246,0.069734879,0.063748002,0.168437958
75,420,apple_imageio,30,0.964176723,71.515948308,71.510319430,64.606823097,3.477899369,3.183626413,6.599605560,9.859498405,9.870253086,9.617642403,0.069001200,0.062023700,0.167871654
80,420,jpegli,30,1.095900979,74.683663501,75.293709500,67.597085027,3.238636112,3.013225556,6.066527367,9.879985142,9.888990402,9.654397011,0.065726266,0.057297975,0.162871838
80,420,turbojpeg,30,1.095900979,74.355166567,74.314051558,68.154557295,3.205515917,2.817291855,6.154369354,9.885032559,9.894248486,9.654487610,0.060853636,0.053225935,0.150279760
80,420,apple_imageio,30,1.095900979,74.140161045,74.156323175,67.958173376,3.201487645,2.824608446,5.938338757,9.884791883,9.893721580,9.654419899,0.060085742,0.051550448,0.149399102
85,420,jpegli,30,1.297359107,77.893578131,78.578364873,71.515172058,3.001222809,2.599397421,6.422038078,9.907761606,9.913076878,9.696908951,0.055024364,0.047642678,0.137220562
85,420,turbojpeg,30,1.297359107,77.276901042,77.367656887,71.737071150,2.982104723,2.499485850,6.495505333,9.908918858,9.916491032,9.696641922,0.050065253,0.042691589,0.120164812
85,420,apple_imageio,30,1.297359107,77.089572370,77.246950347,71.593788972,2.978597263,2.515644432,6.278735638,9.908544223,9.916755199,9.697828293,0.049331824,0.041522801,0.118620455
90,420,jpegli,30,1.678438413,81.995638456,82.630527966,76.371137348,2.670468990,2.243634343,6.154583931,9.936593247,9.948070049,9.757423401,0.039778233,0.033057690,0.093616843
90,420,turbojpeg,30,1.678438413,81.295000483,81.457669575,76.346151814,2.650069479,2.132576108,6.140023232,9.934544691,9.940406799,9.757011414,0.034878131,0.027537108,0.076311231
90,420,apple_imageio,30,1.678438413,81.182096309,81.311061904,76.309133931,2.640314257,2.148945213,5.876757145,9.934726620,9.940268039,9.759907722,0.034153899,0.026872486,0.074442148
95,420,jpegli,30,2.529014518,86.672722208,86.829378504,81.675998381,2.317811374,1.838245452,6.260138512,9.960197067,9.964982510,9.831932068,0.021086224,0.016959786,0.049308062
95,420,turbojpeg,30,2.529014518,86.026901844,86.179681866,80.930827404,2.342484089,1.828203380,6.280984879,9.958112017,9.959414482,9.831646919,0.017732416,0.015112579,0.038759887
95,420,apple_imageio,30,2.529014518,85.990959133,86.178195167,80.952670405,2.318783563,1.839586794,5.755621910,9.958808327,9.960989475,9.836338043,0.017103610,0.014619589,0.037701488
100,420,jpegli,30,5.117537849,90.025872307,90.538749767,82.966789859,2.116560384,1.743559182,6.231925011,9.975099087,9.979294300,9.901251793,0.005874211,0.005001813,0.015361190
100,420,turbojpeg,30,5.117537849,89.441326286,90.063441401,81.480830665,2.154827611,1.747470379,6.258093357,9.973915482,9.977915764,9.901226997,0.005934224,0.004909009,0.014854133
100,420,apple_imageio,30,5.117537849,89.387164489,90.028612118,81.546702229,2.156504317,1.802673400,5.915453911,9.974713389,9.978187561,9.907511711,0.005441374,0.004613013,0.012902975
