competitor,chroma_subsampling,quality,metric,images,jpegli_mean_distortion,competitor_mean_distortion,distortion_ratio
turbojpeg,444,25,ssimulacra2,30,47.968512468800,47.141959232000,0.982768837
turbojpeg,444,25,butteraugli,30,5.244803222000,5.083031702033,0.969155846
turbojpeg,444,25,cvvdp_jod,30,0.395301850667,0.366287612967,0.926602323
turbojpeg,444,25,dists,30,0.124217043400,0.116831994100,0.940547214
turbojpeg,444,30,ssimulacra2,30,43.803514559000,42.968434621367,0.980935778
turbojpeg,444,30,butteraugli,30,4.849312448433,4.760379060133,0.981660619
turbojpeg,444,30,cvvdp_jod,30,0.337235736833,0.310588137300,0.920982278
turbojpeg,444,30,dists,30,0.114070689633,0.107175697900,0.939555097
turbojpeg,444,35,ssimulacra2,30,41.811919424200,41.124923581333,0.983569378
turbojpeg,444,35,butteraugli,30,4.694798326433,4.582481249200,0.976076272
turbojpeg,444,35,cvvdp_jod,30,0.312112744600,0.287232112833,0.920283192
turbojpeg,444,35,dists,30,0.108692336033,0.102005942700,0.938483305
turbojpeg,444,40,ssimulacra2,30,40.106826791800,39.494686339800,0.984737250
turbojpeg,444,40,butteraugli,30,4.484453845033,4.385668261833,0.977971546
turbojpeg,444,40,cvvdp_jod,30,0.287074057333,0.265622075400,0.925273701
turbojpeg,444,40,dists,30,0.103964233433,0.097961175433,0.942258431
turbojpeg,444,45,ssimulacra2,30,38.035891810933,37.256369906767,0.979505623
turbojpeg,444,45,butteraugli,30,4.283422009100,4.134066518200,0.965131736
turbojpeg,444,45,cvvdp_jod,30,0.258889039300,0.236800479967,0.914679434
turbojpeg,444,45,dists,30,0.098372638300,0.092537685300,0.940685204
turbojpeg,444,50,ssimulacra2,30,36.213508085233,35.480061038700,0.979746589
turbojpeg,444,50,butteraugli,30,4.108883444533,3.978865830100,0.968356948
turbojpeg,444,50,cvvdp_jod,30,0.235034815367,0.214095338233,0.910909041
turbojpeg,444,50,dists,30,0.093265173800,0.087235220267,0.935346140
turbojpeg,444,55,ssimulacra2,30,34.279446821633,33.824164789433,0.986718513
turbojpeg,444,55,butteraugli,30,3.876245816533,3.771952033067,0.973094126
turbojpeg,444,55,cvvdp_jod,30,0.209424018833,0.191557280200,0.914686297
turbojpeg,444,55,dists,30,0.087708431500,0.081927684933,0.934091324
turbojpeg,444,60,ssimulacra2,30,31.864698536367,31.225514276733,0.979940678
turbojpeg,444,60,butteraugli,30,3.644911297167,3.527022488967,0.967656604
turbojpeg,444,60,cvvdp_jod,30,0.180439821900,0.163606611900,0.906710116
turbojpeg,444,60,dists,30,0.081107693900,0.075286686500,0.928231132
turbojpeg,444,65,ssimulacra2,30,29.970508748900,29.525585738233,0.985154639
turbojpeg,444,65,butteraugli,30,3.403737759600,3.269746152500,0.960633980
turbojpeg,444,65,cvvdp_jod,30,0.158160463967,0.143737792967,0.908809884
turbojpeg,444,65,dists,30,0.075507599100,0.069712571300,0.923252390
turbojpeg,444,70,ssimulacra2,30,27.409871213667,27.471687959333,1.002255273
turbojpeg,444,70,butteraugli,30,3.131242887200,3.004428815867,0.959500404
turbojpeg,444,70,cvvdp_jod,30,0.131839656833,0.121778170300,0.923683914
turbojpeg,444,70,dists,30,0.068280992933,0.062856167567,0.920551458
turbojpeg,444,75,ssimulacra2,30,25.151104535333,25.309657213800,1.006304005
turbojpeg,444,75,butteraugli,30,2.842511026033,2.731325896567,0.960884891
turbojpeg,444,75,cvvdp_jod,30,0.108797677400,0.101001326267,0.928340831
turbojpeg,444,75,dists,30,0.061106350067,0.055897655100,0.914760169
turbojpeg,444,80,ssimulacra2,30,22.364216927167,22.688124862400,1.014483312
turbojpeg,444,80,butteraugli,30,2.490683523833,2.419778776133,0.971532012
turbojpeg,444,80,cvvdp_jod,30,0.087608337467,0.082383124067,0.940357122
turbojpeg,444,80,dists,30,0.053068200667,0.047490056367,0.894887254
turbojpeg,444,85,ssimulacra2,30,19.211842626933,19.646652966333,1.022632412
turbojpeg,444,85,butteraugli,30,2.123534595967,2.090439768600,0.984415216
turbojpeg,444,85,cvvdp_jod,30,0.064561494200,0.062065442400,0.961338382
turbojpeg,444,85,dists,30,0.042926164467,0.037280517800,0.868480058
turbojpeg,444,90,ssimulacra2,30,15.312809775267,15.985482990700,1.043928791
turbojpeg,444,90,butteraugli,30,1.643033882000,1.653530645367,1.006388647
turbojpeg,444,90,cvvdp_jod,30,0.039017200467,0.039490572567,1.012132395
turbojpeg,444,90,dists,30,0.028971129633,0.023737833800,0.819361692
turbojpeg,444,95,ssimulacra2,30,10.611288579633,11.476187513133,1.081507437
turbojpeg,444,95,butteraugli,30,1.054366501200,1.146478837733,1.087362731
turbojpeg,444,95,cvvdp_jod,30,0.015626875533,0.017758496567,1.136407373
turbojpeg,444,95,dists,30,0.012926147333,0.009441961867,0.730454452
turbojpeg,444,100,ssimulacra2,30,5.894408819800,6.806420810300,1.154724930
turbojpeg,444,100,butteraugli,30,0.379805159067,0.673301373933,1.772754682
turbojpeg,444,100,cvvdp_jod,30,0.000011825567,0.002803484567,237.069786648
turbojpeg,444,100,dists,30,0.000403410200,0.001070515400,2.653664682
turbojpeg,422,25,ssimulacra2,30,51.195560263100,50.451881461333,0.985473764
turbojpeg,422,25,butteraugli,30,5.885617240267,5.818219407367,0.988548723
turbojpeg,422,25,cvvdp_jod,30,0.421683438700,0.397386773367,0.942381742
turbojpeg,422,25,dists,30,0.128510477133,0.122286039567,0.951564746
turbojpeg,422,30,ssimulacra2,30,46.887595334100,46.107492311400,0.983362273
turbojpeg,422,30,butteraugli,30,5.454217282833,5.463993350733,1.001792387
turbojpeg,422,30,cvvdp_jod,30,0.363787206000,0.341734472867,0.939380130
turbojpeg,422,30,dists,30,0.118716385100,0.112933943700,0.951291969
turbojpeg,422,35,ssimulacra2,30,44.858878775967,44.234720582067,0.986086184
turbojpeg,422,35,butteraugli,30,5.321993041067,5.321408987000,0.999890257
turbojpeg,422,35,cvvdp_jod,30,0.339073276533,0.319073708767,0.941016974
turbojpeg,422,35,dists,30,0.113884856333,0.108288449067,0.950859074
turbojpeg,422,40,ssimulacra2,30,43.142001890967,42.602073003167,0.987484844
turbojpeg,422,40,butteraugli,30,5.058920494667,5.061014699900,1.000413963
turbojpeg,422,40,cvvdp_jod,30,0.314798482233,0.298417345633,0.947963102
turbojpeg,422,40,dists,30,0.109142919367,0.104265928333,0.955315553
turbojpeg,422,45,ssimulacra2,30,41.015142284533,40.341650251900,0.983579430
turbojpeg,422,45,butteraugli,30,4.895557777000,4.845913132067,0.989859246
turbojpeg,422,45,cvvdp_jod,30,0.287912591267,0.271267954533,0.942188577
turbojpeg,422,45,dists,30,0.103867252667,0.099137469133,0.954463188
turbojpeg,422,50,ssimulacra2,30,39.190741384400,38.575606140333,0.984304067
turbojpeg,422,50,butteraugli,30,4.697849074900,4.668308623633,0.993711920
turbojpeg,422,50,cvvdp_jod,30,0.264159679400,0.248476823167,0.940631151
turbojpeg,422,50,dists,30,0.098938328067,0.094067255700,0.950766579
turbojpeg,422,55,ssimulacra2,30,37.149281298867,36.794595859067,0.990452428
turbojpeg,422,55,butteraugli,30,4.483249115967,4.476197656033,0.998427154
turbojpeg,422,55,cvvdp_jod,30,0.238921483300,0.226542250300,0.948187024
turbojpeg,422,55,dists,30,0.093700708933,0.089032963967,0.950184529
turbojpeg,422,60,ssimulacra2,30,34.729723435300,34.224351605933,0.985448435
turbojpeg,422,60,butteraugli,30,4.207262420600,4.209375278100,1.000502193
turbojpeg,422,60,cvvdp_jod,30,0.211741511067,0.200197283400,0.945479620
turbojpeg,422,60,dists,30,0.087362823933,0.082628051467,0.945803349
turbojpeg,422,65,ssimulacra2,30,32.735587655600,32.433590038167,0.990774639
turbojpeg,422,65,butteraugli,30,3.986184851333,3.991131671300,1.001240991
turbojpeg,422,65,cvvdp_jod,30,0.189647865300,0.180323759700,0.950834640
turbojpeg,422,65,dists,30,0.081685608667,0.077101665767,0.943883103
turbojpeg,422,70,ssimulacra2,30,30.175160760900,30.371394312733,1.006503149
turbojpeg,422,70,butteraugli,30,3.638186740900,3.618682511767,0.994639025
turbojpeg,422,70,cvvdp_jod,30,0.165039698300,0.159563827533,0.966820887
turbojpeg,422,70,dists,30,0.074437930200,0.070123920833,0.942045549
turbojpeg,422,75,ssimulacra2,30,27.774883867767,28.118043257200,1.012355025
turbojpeg,422,75,butteraugli,30,3.392988173133,3.377915231333,0.995557620
turbojpeg,422,75,cvvdp_jod,30,0.143381977033,0.140055115967,0.976797216
turbojpeg,422,75,dists,30,0.067395826100,0.063292163633,0.939111030
turbojpeg,422,80,ssimulacra2,30,24.899051465633,25.354840837033,1.018305491
turbojpeg,422,80,butteraugli,30,3.059548322367,3.047393616000,0.996027287
turbojpeg,422,80,cvvdp_jod,30,0.121753660833,0.120672225933,0.991117845
turbojpeg,422,80,dists,30,0.059559965167,0.055275489933,0.928064511
turbojpeg,422,85,ssimulacra2,30,21.662379927633,22.286689125733,1.028819973
turbojpeg,422,85,butteraugli,30,2.740864296733,2.743028036800,1.000789437
turbojpeg,422,85,cvvdp_jod,30,0.098235448200,0.099226570100,1.010089249
turbojpeg,422,85,dists,30,0.049290196167,0.045043255867,0.913838032
turbojpeg,422,90,ssimulacra2,30,17.579207682067,18.398492212000,1.046605316
turbojpeg,422,90,butteraugli,30,2.426438395133,2.453720597467,1.011243723
turbojpeg,422,90,cvvdp_jod,30,0.069505405367,0.071929486567,1.034876154
turbojpeg,422,90,dists,30,0.035112627367,0.031308209867,0.891651016
turbojpeg,422,95,ssimulacra2,30,12.835183725467,13.750415557800,1.071306485
turbojpeg,422,95,butteraugli,30,2.029605495933,2.076480561467,1.023095654
turbojpeg,422,95,cvvdp_jod,30,0.039861869867,0.042342821833,1.062238725
turbojpeg,422,95,dists,30,0.018055665467,0.015610933267,0.864600272
turbojpeg,422,100,ssimulacra2,30,8.774294577933,9.333068371100,1.063683045
turbojpeg,422,100,butteraugli,30,1.804388347767,1.877211941133,1.040359157
turbojpeg,422,100,cvvdp_jod,30,0.011824989333,0.013459746000,1.138245932
turbojpeg,422,100,dists,30,0.002237723333,0.002684354867,1.199591936
turbojpeg,420,25,ssimulacra2,30,50.541978624033,49.724261124100,0.983821023
turbojpeg,420,25,butteraugli,30,5.864716084700,5.763656107500,0.982768138
turbojpeg,420,25,cvvdp_jod,30,0.491302808100,0.459508863967,0.935286460
turbojpeg,420,25,dists,30,0.139389057833,0.133132403967,0.955113737
turbojpeg,420,30,ssimulacra2,30,47.298470092033,46.417589448467,0.981376128
turbojpeg,420,30,butteraugli,30,5.481221421533,5.387399594000,0.982883044
turbojpeg,420,30,cvvdp_jod,30,0.433896414467,0.404297479033,0.931783406
turbojpeg,420,30,dists,30,0.130272829633,0.123959249200,0.951535708
turbojpeg,420,35,ssimulacra2,30,45.534827943933,44.628871547233,0.980104100
turbojpeg,420,35,butteraugli,30,5.355860900900,5.274635569267,0.984834309
turbojpeg,420,35,cvvdp_jod,30,0.400505542800,0.370169989267,0.924256845
turbojpeg,420,35,dists,30,0.124843498167,0.118725526367,0.950994870
turbojpeg,420,40,ssimulacra2,30,43.377933613133,42.917968833367,0.989396342
turbojpeg,420,40,butteraugli,30,5.283287700100,5.184848920633,0.981367893
turbojpeg,420,40,cvvdp_jod,30,0.370021311433,0.343833001500,0.929224861
turbojpeg,420,40,dists,30,0.119632319633,0.114059086633,0.953413651
turbojpeg,420,45,ssimulacra2,30,41.505429759000,41.077428585233,0.989688068
turbojpeg,420,45,butteraugli,30,5.005716689500,4.957590150900,0.990385685
turbojpeg,420,45,cvvdp_jod,30,0.340131759667,0.315696907033,0.928160626
turbojpeg,420,45,dists,30,0.114604729367,0.109142980967,0.952342731
turbojpeg,420,50,ssimulacra2,30,39.829088019667,39.369324140533,0.988456580
turbojpeg,420,50,butteraugli,30,4.692182827067,4.669765742667,0.995222461
turbojpeg,420,50,cvvdp_jod,30,0.311621284500,0.289152304333,0.927896516
turbojpeg,420,50,dists,30,0.109618614033,0.104404316333,0.952432370
turbojpeg,420,55,ssimulacra2,30,37.502023110667,37.222217556333,0.992538921
turbojpeg,420,55,butteraugli,30,4.534216411933,4.492504040467,0.990800534
turbojpeg,420,55,cvvdp_jod,30,0.273465474400,0.254113038300,0.929232617
turbojpeg,420,55,dists,30,0.102774381600,0.097923268867,0.952798424
turbojpeg,420,60,ssimulacra2,30,35.635056009033,35.438855074867,0.994494160
turbojpeg,420,60,butteraugli,30,4.341219894067,4.297206298467,0.989861468
turbojpeg,420,60,cvvdp_jod,30,0.243946202533,0.226881217967,0.930046115
turbojpeg,420,60,dists,30,0.097127972033,0.092065235000,0.947875602
turbojpeg,420,65,ssimulacra2,30,33.194329065900,32.746116942467,0.986497328
turbojpeg,420,65,butteraugli,30,4.014992825167,4.035524416033,1.005113730
turbojpeg,420,65,cvvdp_jod,30,0.210971705067,0.195374902067,0.926071589
turbojpeg,420,65,dists,30,0.090032047000,0.085071728667,0.944904970
turbojpeg,420,70,ssimulacra2,30,30.631317265800,30.540556682033,0.997037000
turbojpeg,420,70,butteraugli,30,3.787168367667,3.779139367800,0.997879946
turbojpeg,420,70,cvvdp_jod,30,0.178416252167,0.165696366633,0.928706688
turbojpeg,420,70,dists,30,0.082412841000,0.077497444567,0.940356425
turbojpeg,420,75,ssimulacra2,30,28.016414679033,28.226479242067,1.007497910
turbojpeg,420,75,butteraugli,30,3.507907788000,3.477854061100,0.991432578
turbojpeg,420,75,cvvdp_jod,30,0.148145961733,0.139816379533,0.943774490
turbojpeg,420,75,dists,30,0.074735599767,0.069734879333,0.933087840
turbojpeg,420,80,ssimulacra2,30,25.316336498733,25.644833433433,1.012975690
turbojpeg,420,80,butteraugli,30,3.238636112200,3.205515917067,0.989773413
turbojpeg,420,80,cvvdp_jod,30,0.120014858200,0.114967441467,0.957943401
turbojpeg,420,80,dists,30,0.065726266300,0.060853636200,0.925864797
turbojpeg,420,85,ssimulacra2,30,22.106421868533,22.723098958267,1.027895835
turbojpeg,420,85,butteraugli,30,3.001222809133,2.982104722600,0.993629901
turbojpeg,420,85,cvvdp_jod,30,0.092238394467,0.091081142300,0.987453683
turbojpeg,420,85,dists,30,0.055024363667,0.050065253167,0.909874278
turbojpeg,420,90,ssimulacra2,30,18.004361544267,18.704999517200,1.038914902
turbojpeg,420,90,butteraugli,30,2.670468990000,2.650069479200,0.992361076
turbojpeg,420,90,cvvdp_jod,30,0.063406753467,0.065455309467,1.032308167
turbojpeg,420,90,dists,30,0.039778232567,0.034878130800,0.876814492
turbojpeg,420,95,ssimulacra2,30,13.327277791567,13.973098155667,1.048458536
turbojpeg,420,95,butteraugli,30,2.317811373933,2.342484088767,1.010644833
turbojpeg,420,95,cvvdp_jod,30,0.039802932633,0.041887982667,1.052384332
turbojpeg,420,95,dists,30,0.021086224000,0.017732415700,0.840947896
turbojpeg,420,100,ssimulacra2,30,9.974127692667,10.558673713567,1.058606230
turbojpeg,420,100,butteraugli,30,2.116560384267,2.154827610667,1.018079912
turbojpeg,420,100,cvvdp_jod,30,0.024900913233,0.026084518467,1.047532603
turbojpeg,420,100,dists,30,0.005874210700,0.005934224500,1.010216487
apple_imageio,444,25,ssimulacra2,30,47.968512468800,47.111653971933,0.982137063
apple_imageio,444,25,butteraugli,30,5.244803222000,5.084146054467,0.969368314
apple_imageio,444,25,cvvdp_jod,30,0.395301850667,0.365609868400,0.924887824
apple_imageio,444,25,dists,30,0.124217043400,0.116790839033,0.940215898
apple_imageio,444,30,ssimulacra2,30,43.803514559000,42.970274780433,0.980977787
apple_imageio,444,30,butteraugli,30,4.849312448433,4.760823210067,0.981752209
apple_imageio,444,30,cvvdp_jod,30,0.337235736833,0.310694217700,0.921296837
apple_imageio,444,30,dists,30,0.114070689633,0.107131328333,0.939166132
apple_imageio,444,35,ssimulacra2,30,41.811919424200,41.146010877767,0.984073715
apple_imageio,444,35,butteraugli,30,4.694798326433,4.582931407167,0.976172157
apple_imageio,444,35,cvvdp_jod,30,0.312112744600,0.286661911000,0.918456282
apple_imageio,444,35,dists,30,0.108692336033,0.102011201733,0.938531689
apple_imageio,444,40,ssimulacra2,30,40.106826791800,39.467925340867,0.984070007
apple_imageio,444,40,butteraugli,30,4.484453845033,4.368815469700,0.974213499
apple_imageio,444,40,cvvdp_jod,30,0.287074057333,0.265428097967,0.924597995
apple_imageio,444,40,dists,30,0.103964233433,0.097978071367,0.942420947
apple_imageio,444,45,ssimulacra2,30,38.035891810933,37.253801706900,0.979438103
apple_imageio,444,45,butteraugli,30,4.283422009100,4.131498495733,0.964532210
apple_imageio,444,45,cvvdp_jod,30,0.258889039300,0.236669381367,0.914173045
apple_imageio,444,45,dists,30,0.098372638300,0.092479763400,0.940096403
apple_imageio,444,50,ssimulacra2,30,36.213508085233,35.475800860533,0.979628949
apple_imageio,444,50,butteraugli,30,4.108883444533,3.985244480900,0.969909352
apple_imageio,444,50,cvvdp_jod,30,0.235034815367,0.214047940600,0.910707379
apple_imageio,444,50,dists,30,0.093265173800,0.087223907300,0.935224841
apple_imageio,444,55,ssimulacra2,30,34.279446821633,33.809285249167,0.986284447
apple_imageio,444,55,butteraugli,30,3.876245816533,3.770592411367,0.972743368
apple_imageio,444,55,cvvdp_jod,30,0.209424018833,0.191352335500,0.913707685
apple_imageio,444,55,dists,30,0.087708431500,0.081920689333,0.934011565
apple_imageio,444,60,ssimulacra2,30,31.864698536367,31.186310312033,0.978710352
apple_imageio,444,60,butteraugli,30,3.644911297167,3.524601109900,0.966992287
apple_imageio,444,60,cvvdp_jod,30,0.180439821900,0.163435268333,0.905760528
apple_imageio,444,60,dists,30,0.081107693900,0.075221166867,0.927423321
apple_imageio,444,65,ssimulacra2,30,29.970508748900,29.561575885600,0.986355491
apple_imageio,444,65,butteraugli,30,3.403737759600,3.303917058367,0.970673210
apple_imageio,444,65,cvvdp_jod,30,0.158160463967,0.144170697567,0.911547007
apple_imageio,444,65,dists,30,0.075507599100,0.069708367200,0.923196712
apple_imageio,444,70,ssimulacra2,30,27.409871213667,27.518827026967,1.003975057
apple_imageio,444,70,butteraugli,30,3.131242887200,3.008233245233,0.960715394
apple_imageio,444,70,cvvdp_jod,30,0.131839656833,0.121852652267,0.924248858
apple_imageio,444,70,dists,30,0.068280992933,0.062896730567,0.921145517
apple_imageio,444,75,ssimulacra2,30,25.151104535333,25.340869764933,1.007545006
apple_imageio,444,75,butteraugli,30,2.842511026033,2.732924302433,0.961447212
apple_imageio,444,75,cvvdp_jod,30,0.108797677400,0.101076126100,0.929028344
apple_imageio,444,75,dists,30,0.061106350067,0.055843744633,0.913877929
apple_imageio,444,80,ssimulacra2,30,22.364216927167,22.713451493833,1.015615774
apple_imageio,444,80,butteraugli,30,2.490683523833,2.412591381867,0.968646301
apple_imageio,444,80,cvvdp_jod,30,0.087608337467,0.083088239000,0.948405613
apple_imageio,444,80,dists,30,0.053068200667,0.047453731367,0.894202757
apple_imageio,444,85,ssimulacra2,30,19.211842626933,19.668287230733,1.023758502
apple_imageio,444,85,butteraugli,30,2.123534595967,2.097263332167,0.987628521
apple_imageio,444,85,cvvdp_jod,30,0.064561494200,0.062285963633,0.964754060
apple_imageio,444,85,dists,30,0.042926164467,0.037254542067,0.867874932
apple_imageio,444,90,ssimulacra2,30,15.312809775267,16.042583185500,1.047657708
apple_imageio,444,90,butteraugli,30,1.643033882000,1.645070111833,1.001239311
apple_imageio,444,90,cvvdp_jod,30,0.039017200467,0.039746443400,1.018690294
apple_imageio,444,90,dists,30,0.028971129633,0.023746530133,0.819661865
apple_imageio,444,95,ssimulacra2,30,10.611288579633,11.553332030267,1.088777479
apple_imageio,444,95,butteraugli,30,1.054366501200,1.152005247367,1.092604181
apple_imageio,444,95,cvvdp_jod,30,0.015626875533,0.018160629267,1.162140777
apple_imageio,444,95,dists,30,0.012926147333,0.009455674933,0.731515330
apple_imageio,444,100,ssimulacra2,30,5.894408819800,7.115612331367,1.207179982
apple_imageio,444,100,butteraugli,30,0.379805159067,0.710486278467,1.870659894
apple_imageio,444,100,cvvdp_jod,30,0.000011825567,0.003984991667,336.981032620
apple_imageio,444,100,dists,30,0.000403410200,0.001082936867,2.684455838
apple_imageio,422,25,ssimulacra2,30,51.195560263100,50.408543093333,0.984627238
apple_imageio,422,25,butteraugli,30,5.885617240267,5.825683442900,0.989816905
apple_imageio,422,25,cvvdp_jod,30,0.421683438700,0.396629333533,0.940585513
apple_imageio,422,25,dists,30,0.128510477133,0.122212044367,0.950988955
apple_imageio,422,30,ssimulacra2,30,46.887595334100,46.118012631233,0.983586646
apple_imageio,422,30,butteraugli,30,5.454217282833,5.462608210133,1.001538429
apple_imageio,422,30,cvvdp_jod,30,0.363787206000,0.341926797167,0.939908803
apple_imageio,422,30,dists,30,0.118716385100,0.112904564567,0.951044495
apple_imageio,422,35,ssimulacra2,30,44.858878775967,44.249398612267,0.986413388
apple_imageio,422,35,butteraugli,30,5.321993041067,5.315729324033,0.998823051
apple_imageio,422,35,cvvdp_jod,30,0.339073276533,0.318481222800,0.939269606
apple_imageio,422,35,dists,30,0.113884856333,0.108278215067,0.950769212
apple_imageio,422,40,ssimulacra2,30,43.142001890967,42.577581329967,0.986917145
apple_imageio,422,40,butteraugli,30,5.058920494667,5.061602155333,1.000530086
apple_imageio,422,40,cvvdp_jod,30,0.314798482233,0.298273404267,0.947505852
apple_imageio,422,40,dists,30,0.109142919367,0.104252197300,0.955189745
apple_imageio,422,45,ssimulacra2,30,41.015142284533,40.340043109433,0.983540245
apple_imageio,422,45,butteraugli,30,4.895557777000,4.841251277933,0.988906984
apple_imageio,422,45,cvvdp_jod,30,0.287912591267,0.271121120467,0.941678581
apple_imageio,422,45,dists,30,0.103867252667,0.099092519233,0.954030425
apple_imageio,422,50,ssimulacra2,30,39.190741384400,38.557007806000,0.983829508
apple_imageio,422,50,butteraugli,30,4.697849074900,4.678411809667,0.995862518
apple_imageio,422,50,cvvdp_jod,30,0.264159679400,0.248411750700,0.940384813
apple_imageio,422,50,dists,30,0.098938328067,0.094061583400,0.950709247
apple_imageio,422,55,ssimulacra2,30,37.149281298867,36.779073961967,0.990034603
apple_imageio,422,55,butteraugli,30,4.483249115967,4.473958007467,0.997927595
apple_imageio,422,55,cvvdp_jod,30,0.238921483300,0.226287778167,0.947121937
apple_imageio,422,55,dists,30,0.093700708933,0.088986450533,0.949688125
apple_imageio,422,60,ssimulacra2,30,34.729723435300,34.182431733800,0.984241403
apple_imageio,422,60,butteraugli,30,4.207262420600,4.212279121033,1.001192391
apple_imageio,422,60,cvvdp_jod,30,0.211741511067,0.199949487000,0.944309342
apple_imageio,422,60,dists,30,0.087362823933,0.082566422267,0.945097909
apple_imageio,422,65,ssimulacra2,30,32.735587655600,32.456717773567,0.991481140
apple_imageio,422,65,butteraugli,30,3.986184851333,3.988355294867,1.000544491
apple_imageio,422,65,cvvdp_jod,30,0.189647865300,0.181179904900,0.955349034
apple_imageio,422,65,dists,30,0.081685608667,0.077051234333,0.943265718
apple_imageio,422,70,ssimulacra2,30,30.175160760900,30.398100054067,1.007388173
apple_imageio,422,70,butteraugli,30,3.638186740900,3.614495062867,0.993488053
apple_imageio,422,70,cvvdp_jod,30,0.165039698300,0.159612592067,0.967116359
apple_imageio,422,70,dists,30,0.074437930200,0.070134242467,0.942184210
apple_imageio,422,75,ssimulacra2,30,27.774883867767,28.124657115433,1.012593149
apple_imageio,422,75,butteraugli,30,3.392988173133,3.368573602067,0.992804404
apple_imageio,422,75,cvvdp_jod,30,0.143381977033,0.140090433700,0.977043535
apple_imageio,422,75,dists,30,0.067395826100,0.063250595300,0.938494250
apple_imageio,422,80,ssimulacra2,30,24.899051465633,25.362325209000,1.018606080
apple_imageio,422,80,butteraugli,30,3.059548322367,3.047009869500,0.995901861
apple_imageio,422,80,cvvdp_jod,30,0.121753660833,0.121568584467,0.998479911
apple_imageio,422,80,dists,30,0.059559965167,0.055216439567,0.927073067
apple_imageio,422,85,ssimulacra2,30,21.662379927633,22.290815745900,1.029010470
apple_imageio,422,85,butteraugli,30,2.740864296733,2.748665551300,1.002846275
apple_imageio,422,85,cvvdp_jod,30,0.098235448200,0.099279467267,1.010627722
apple_imageio,422,85,dists,30,0.049290196167,0.045034831700,0.913667123
apple_imageio,422,90,ssimulacra2,30,17.579207682067,18.429489450467,1.048368606
apple_imageio,422,90,butteraugli,30,2.426438395133,2.456469794133,1.012376741
apple_imageio,422,90,cvvdp_jod,30,0.069505405367,0.072115929867,1.037558582
apple_imageio,422,90,dists,30,0.035112627367,0.031277910833,0.890788106
apple_imageio,422,95,ssimulacra2,30,12.835183725467,13.805354094967,1.075586793
apple_imageio,422,95,butteraugli,30,2.029605495933,2.083750794433,1.026677745
apple_imageio,422,95,cvvdp_jod,30,0.039861869867,0.042684586867,1.070812458
apple_imageio,422,95,dists,30,0.018055665467,0.015641814400,0.866310601
apple_imageio,422,100,ssimulacra2,30,8.774294577933,9.438281069333,1.075674060
apple_imageio,422,100,butteraugli,30,1.804388347767,1.899895000967,1.052930209
apple_imageio,422,100,cvvdp_jod,30,0.011824989333,0.014390881900,1.216988996
apple_imageio,422,100,dists,30,0.002237723333,0.002736230600,1.222774308
apple_imageio,420,25,ssimulacra2,30,50.541978624033,50.285249189100,0.994920471
apple_imageio,420,25,butteraugli,30,5.864716084700,5.767717361500,0.983460628
apple_imageio,420,25,cvvdp_jod,30,0.491302808100,0.460199133533,0.936691437
apple_imageio,420,25,dists,30,0.139389057833,0.132780116800,0.952586371
apple_imageio,420,30,ssimulacra2,30,47.298470092033,46.956662808633,0.992773397
apple_imageio,420,30,butteraugli,30,5.481221421533,5.387067969700,0.982822542
apple_imageio,420,30,cvvdp_jod,30,0.433896414467,0.405144532533,0.933735608
apple_imageio,420,30,dists,30,0.130272829633,0.123407210900,0.947298153
apple_imageio,420,35,ssimulacra2,30,45.534827943933,45.149267043233,0.991532615
apple_imageio,420,35,butteraugli,30,5.355860900900,5.266738875733,0.983359907
apple_imageio,420,35,cvvdp_jod,30,0.400505542800,0.371108976933,0.926601351
apple_imageio,420,35,dists,30,0.124843498167,0.118169522200,0.946541261
apple_imageio,420,40,ssimulacra2,30,43.377933613133,43.376071636900,0.999957075
apple_imageio,420,40,butteraugli,30,5.283287700100,5.185222069400,0.981438522
apple_imageio,420,40,cvvdp_jod,30,0.370021311433,0.344605509567,0.931312600
apple_imageio,420,40,dists,30,0.119632319633,0.113378532700,0.947724938
apple_imageio,420,45,ssimulacra2,30,41.505429759000,41.553520064967,1.001158651
apple_imageio,420,45,butteraugli,30,5.005716689500,4.953916541667,0.989651802
apple_imageio,420,45,cvvdp_jod,30,0.340131759667,0.316367657933,0.930132659
apple_imageio,420,45,dists,30,0.114604729367,0.108462951533,0.946409037
apple_imageio,420,50,ssimulacra2,30,39.829088019667,39.783520978033,0.998855936
apple_imageio,420,50,butteraugli,30,4.692182827067,4.653875319133,0.991835888
apple_imageio,420,50,cvvdp_jod,30,0.311621284500,0.290093421933,0.930916585
apple_imageio,420,50,dists,30,0.109618614033,0.103565128667,0.944776848
apple_imageio,420,55,ssimulacra2,30,37.502023110667,37.590121885933,1.002349174
apple_imageio,420,55,butteraugli,30,4.534216411933,4.469377183900,0.985700015
apple_imageio,420,55,cvvdp_jod,30,0.273465474400,0.254650211300,0.931196934
apple_imageio,420,55,dists,30,0.102774381600,0.097209701900,0.945855381
apple_imageio,420,60,ssimulacra2,30,35.635056009033,35.803476897200,1.004726270
apple_imageio,420,60,butteraugli,30,4.341219894067,4.292305159467,0.988732491
apple_imageio,420,60,cvvdp_jod,30,0.243946202533,0.227537886333,0.932737972
apple_imageio,420,60,dists,30,0.097127972033,0.091321110667,0.940214325
apple_imageio,420,65,ssimulacra2,30,33.194329065900,33.031264061900,0.995087564
apple_imageio,420,65,butteraugli,30,4.014992825167,4.041623449233,1.006632795
apple_imageio,420,65,cvvdp_jod,30,0.210971705067,0.195936203067,0.928732140
apple_imageio,420,65,dists,30,0.090032047000,0.084322504267,0.936583218
apple_imageio,420,70,ssimulacra2,30,30.631317265800,30.802186414467,1.005578250
apple_imageio,420,70,butteraugli,30,3.787168367667,3.771864128067,0.995958923
apple_imageio,420,70,cvvdp_jod,30,0.178416252167,0.166061941767,0.930755689
apple_imageio,420,70,dists,30,0.082412841000,0.076791791167,0.931794005
apple_imageio,420,75,ssimulacra2,30,28.016414679033,28.484051691933,1.016691537
apple_imageio,420,75,butteraugli,30,3.507907788000,3.477899368600,0.991445494
apple_imageio,420,75,cvvdp_jod,30,0.148145961733,0.140501594600,0.948399760
apple_imageio,420,75,dists,30,0.074735599767,0.069001199800,0.923270838
apple_imageio,420,80,ssimulacra2,30,25.316336498733,25.859838954967,1.021468448
apple_imageio,420,80,butteraugli,30,3.238636112200,3.201487644533,0.988529595
apple_imageio,420,80,cvvdp_jod,30,0.120014858200,0.115208117100,0.959948783
apple_imageio,420,80,dists,30,0.065726266300,0.060085741733,0.914181576
apple_imageio,420,85,ssimulacra2,30,22.106421868533,22.910427630033,1.036369783
apple_imageio,420,85,butteraugli,30,3.001222809133,2.978597263467,0.992461224
apple_imageio,420,85,cvvdp_jod,30,0.092238394467,0.091455777500,0.991515280
apple_imageio,420,85,dists,30,0.055024363667,0.049331823967,0.896545106
apple_imageio,420,90,ssimulacra2,30,18.004361544267,18.817903690767,1.045185837
apple_imageio,420,90,butteraugli,30,2.670468990000,2.640314257167,0.988708076
apple_imageio,420,90,cvvdp_jod,30,0.063406753467,0.065273380300,1.029438928
apple_imageio,420,90,dists,30,0.039778232567,0.034153898533,0.858607744
apple_imageio,420,95,ssimulacra2,30,13.327277791567,14.009040866500,1.051155464
apple_imageio,420,95,butteraugli,30,2.317811373933,2.318783563367,1.000419443
apple_imageio,420,95,cvvdp_jod,30,0.039802932633,0.041191673367,1.034890412
apple_imageio,420,95,dists,30,0.021086224000,0.017103610500,0.811127232
apple_imageio,420,100,ssimulacra2,30,9.974127692667,10.612835511400,1.064036459
apple_imageio,420,100,butteraugli,30,2.116560384267,2.156504316567,1.018872097
apple_imageio,420,100,cvvdp_jod,30,0.024900913233,0.025286610900,1.015489298
apple_imageio,420,100,dists,30,0.005874210700,0.005441373633,0.926315706
